coin_name,description
AAVE,"Aave is a decentralized lending protocol launched in 2017 by Finnish developer Stani Kulechov. Built primarily on Ethereum, it allows users to lend and borrow crypto assets through smart contracts while introducing innovations such as flash loans and overcollateralized lending."
ALGO,"Algorand is a proof-of-stake blockchain created in 2019 by MIT professor Silvio Micali. The network focuses on scalability, fast settlement, and low transaction fees while supporting decentralized applications, tokenization, and enterprise-grade blockchain solutions."
APT,"Aptos is a Layer 1 blockchain launched in 2022 by former Meta engineers Mo Shaikh and Avery Ching. It uses the Move programming language and a parallel execution engine to improve transaction speed, security, and scalability for decentralized applications."
ARB,"Arbitrum is an Ethereum Layer 2 scaling network introduced by Offchain Labs in 2021. It uses optimistic rollup technology to process transactions more efficiently while maintaining Ethereum compatibility and reducing gas fees for decentralized applications."
AVAX,"Avalanche is a high-performance blockchain platform launched in 2020 by Ava Labs and founded by Emin Gun Sirer. The network uses a unique consensus mechanism to provide fast finality and supports customizable subnets for decentralized finance, gaming, and enterprise applications."
AXS,"Axie Infinity is a blockchain gaming ecosystem created by Sky Mavis in 2018. The AXS token powers governance and rewards within the play-to-earn game where users collect, breed, and battle digital creatures called Axies."
BAT,"Basic Attention Token was launched in 2017 by Brendan Eich, creator of JavaScript and co-founder of Mozilla. Built for the Brave browser ecosystem, BAT rewards users for viewing privacy-focused advertisements while helping creators monetize digital content."
BNB,"BNB is the native token of the Binance ecosystem, launched in 2017 by the Binance exchange founded by Changpeng Zhao. It is used for trading fee discounts, payments, staking, and powering applications across the BNB Smart Chain network."
BTC,"Bitcoin is the first decentralized cryptocurrency, created in 2009 by the pseudonymous Satoshi Nakamoto. It uses proof-of-work mining and blockchain technology to enable peer-to-peer digital payments without centralized financial intermediaries."
BCH,"Bitcoin Cash is a Bitcoin fork launched in 2017 to prioritize faster and cheaper transactions through larger block sizes. The project focuses on functioning as a peer-to-peer electronic cash system for everyday payments."
ADA,"Cardano is a proof-of-stake blockchain platform launched in 2017 by Ethereum co-founder Charles Hoskinson. Developed with a research-driven approach, it supports smart contracts, decentralized applications, and scalable blockchain infrastructure."
LINK,"Chainlink is a decentralized oracle network launched in 2019 by Sergey Nazarov and Steve Ellis. It connects smart contracts with real-world data feeds, APIs, and external systems, enabling advanced decentralized finance and blockchain applications."
COMP,"Compound is a decentralized finance lending protocol introduced in 2018 by Robert Leshner and Geoffrey Hayes. The COMP governance token allows holders to vote on protocol upgrades while the platform enables algorithmic crypto lending and borrowing."
ATOM,"Cosmos is a blockchain interoperability network launched in 2019 by Tendermint founders Jae Kwon and Ethan Buchman. It enables independent blockchains to communicate and transfer data through the Inter-Blockchain Communication protocol."
CRV,"Curve DAO Token powers Curve Finance, a decentralized exchange launched in 2020 by Michael Egorov. The platform specializes in low-slippage stablecoin trading and efficient liquidity pools for decentralized finance markets."
MANA,"Decentraland is a blockchain-based virtual world launched in 2020 by Ari Meilich and Esteban Ordano. The MANA token is used to purchase virtual land, digital assets, and services within its decentralized metaverse ecosystem."
DOGE,"Dogecoin is a cryptocurrency created in 2013 by Billy Markus and Jackson Palmer as a lighthearted alternative to Bitcoin. Based on the popular Shiba Inu meme, it became widely used for online tipping, payments, and community-driven fundraising."
ETH,"Ethereum is a decentralized blockchain platform launched in 2015 by Vitalik Buterin and other co-founders. It introduced programmable smart contracts, enabling decentralized applications, decentralized finance, and NFT ecosystems."
ETC,"Ethereum Classic emerged in 2016 after a split from Ethereum following the DAO hack controversy. The network maintains the original Ethereum blockchain philosophy of immutability while supporting smart contracts and decentralized applications."
ENS,"Ethereum Name Service is a decentralized naming protocol launched in 2017 on Ethereum. ENS replaces complex wallet addresses with human-readable names, simplifying blockchain transactions and decentralized identity management."
FTM,"Fantom is a Layer 1 blockchain platform launched in 2019 by the Fantom Foundation. It uses a directed acyclic graph based consensus mechanism called Lachesis to provide fast and low-cost transactions for decentralized finance applications."
FIL,"Filecoin is a decentralized storage network created by Protocol Labs and launched in 2020. It incentivizes users to rent unused storage space through blockchain-based markets designed for secure and distributed data storage."
SNX,"Synthetix is a decentralized derivatives protocol launched in 2018 by Kain Warwick. Built on Ethereum, it allows users to create and trade synthetic assets that track cryptocurrencies, fiat currencies, commodities, and indexes."
HBAR,"Hedera is a distributed ledger platform launched in 2019 by Leemon Baird and Mance Harmon. It uses Hashgraph consensus technology instead of a traditional blockchain to deliver high throughput, security, and low transaction costs."
HYPE,"Hyperliquid is a decentralized perpetual futures trading platform launched in 2024. Built with a custom high-speed Layer 1 blockchain, it focuses on low-latency trading, on-chain order books, and advanced decentralized derivatives markets."
IMX,"Immutable X is an Ethereum Layer 2 platform launched in 2021 by Immutable for NFT scaling and blockchain gaming. It uses zero-knowledge rollups to enable fast and gas-free NFT minting and trading."
INJ,"Injective is a decentralized finance blockchain launched in 2021 by Eric Chen and Albert Chon. Built with the Cosmos SDK, it supports decentralized derivatives, cross-chain trading, and fully on-chain financial applications."
KSM,"Kusama is an experimental blockchain network launched in 2019 by Polkadot founder Gavin Wood. It serves as a testing ground for early-stage blockchain projects and parachains before deployment on the Polkadot network."
LDO,"Lido DAO is a liquid staking protocol introduced in 2020 that allows users to stake cryptocurrencies while maintaining liquidity through derivative tokens. The platform is widely used for Ethereum staking and decentralized governance."
LTC,"Litecoin is a peer-to-peer cryptocurrency created in 2011 by former Google engineer Charlie Lee. Designed as a faster alternative to Bitcoin, it offers quicker block times and lower transaction costs for digital payments."
LRC,"Loopring is an Ethereum Layer 2 protocol launched in 2017 by Daniel Wang. It uses zero-knowledge rollups to enable high-speed and low-cost decentralized exchange trading while maintaining Ethereum security."
NEAR,"NEAR Protocol is a scalable Layer 1 blockchain launched in 2020 by Illia Polosukhin and Alexander Skidanov. It uses sharding technology and a developer-friendly architecture to support decentralized applications with high throughput."
OCEAN,"Ocean Protocol is a decentralized data exchange platform launched in 2019 by Bruce Pon and Trent McConaghy. It enables secure sharing and monetization of data assets while preserving privacy through blockchain technology."
OP,"Optimism is an Ethereum Layer 2 scaling solution launched in 2021 by Optimism PBC. It uses optimistic rollups to reduce transaction costs and improve scalability while maintaining compatibility with Ethereum applications."
PEPE,"Pepe is a meme-based cryptocurrency launched in 2023 on Ethereum and inspired by the Pepe the Frog internet character. The token gained popularity through online communities and speculative trading culture."
DOT,"Polkadot is a multichain blockchain network launched in 2020 by Ethereum co-founder Gavin Wood. It enables interoperability between independent blockchains through parachains connected to a central relay chain."
XRP,"XRP is a digital asset created in 2012 by Ripple Labs founders Chris Larsen and Jed McCaleb. The XRP Ledger is designed for fast and low-cost cross-border payments and financial institution settlement systems."
SHIB,"Shiba Inu is a community-driven meme cryptocurrency launched in 2020 by the anonymous founder Ryoshi. Built on Ethereum, the ecosystem expanded to include decentralized finance, NFTs, and the Shibarium Layer 2 network."
SOL,"Solana is a high-performance blockchain launched in 2020 by Anatoly Yakovenko and Solana Labs. It combines proof-of-history with proof-of-stake consensus to support fast and low-cost decentralized applications and digital asset trading."
XLM,"Stellar is a blockchain payment network launched in 2014 by Jed McCaleb and the Stellar Development Foundation. It focuses on low-cost cross-border transfers and financial inclusion through fast digital asset settlement."
SUI,"Sui is a Layer 1 blockchain launched in 2023 by Mysten Labs, a team of former Meta engineers. It uses the Move programming language and parallel transaction processing to improve scalability and support high-performance decentralized applications."
SUSHI,"SushiSwap is a decentralized exchange launched in 2020 as a community-driven fork of Uniswap. The SUSHI token powers governance and incentives across the platform's decentralized finance ecosystem."
GRT,"The Graph is a decentralized indexing protocol launched in 2020 by Yaniv Tal, Brandon Ramirez, and Jannis Pohlmann. It enables blockchain developers to efficiently query and organize decentralized data using open APIs called subgraphs."
TON,"The Open Network is a blockchain platform originally developed by Telegram and later maintained by the open-source TON community. The network focuses on fast payments, scalable applications, and integration with messaging services."
SAND,"The Sandbox is a blockchain gaming metaverse launched in 2018 by Pixowl. The SAND token is used for virtual land ownership, digital asset trading, and governance within its user-generated gaming ecosystem."
RUNE,"THORChain is a decentralized cross-chain liquidity protocol launched in 2021. It enables users to swap native assets across different blockchains without wrapped tokens or centralized exchanges."
TRX,"TRON is a blockchain platform founded by Justin Sun and launched in 2018. It focuses on digital entertainment, stablecoin transfers, and decentralized applications with high transaction throughput and low fees."
UNI,"Uniswap is a decentralized exchange protocol launched in 2018 by Hayden Adams. Built on Ethereum, it pioneered automated market maker technology that allows users to trade cryptocurrencies directly from liquidity pools."
YFI,"Yearn Finance is a decentralized finance yield optimization platform launched in 2020 by Andre Cronje. It automates strategies that help users maximize returns from lending and liquidity protocols."
ZEC,"Zcash is a privacy-focused cryptocurrency launched in 2016 by Zooko Wilcox. It uses zero-knowledge cryptography known as zk-SNARKs to enable optional shielded transactions with enhanced financial privacy."